{"/home_mail": {"3": 1638439027.716545, "0": 1638439060.3509536}}